timeStamp,elapsed,label,responseCode,responseMessage,threadName,dataType,success,failureMessage,bytes,sentBytes,grpThreads,allThreads,URL,Latency,IdleTime,Connect
1714487626825,1680,Home Page 1 - outlet.html,200,OK,Thread Group 1-1,text,true,,1517184,140,5,5,https://www.webstaurantstore.com/outlet.html,1413,0,857
1714487627525,1087,Home Page 1 - outlet.html,200,OK,Thread Group 1-5,text,true,,1517184,140,5,5,https://www.webstaurantstore.com/outlet.html,742,0,160
1714487627324,1391,Home Page 1 - outlet.html,200,OK,Thread Group 1-4,text,true,,1517169,140,5,5,https://www.webstaurantstore.com/outlet.html,945,0,359
1714487626931,1779,Home Page 1 - outlet.html,200,OK,Thread Group 1-2,text,true,,1517185,140,5,5,https://www.webstaurantstore.com/outlet.html,1339,0,754
1714487627124,1614,Home Page 1 - outlet.html,200,OK,Thread Group 1-3,text,true,,1517169,140,5,5,https://www.webstaurantstore.com/outlet.html,1190,0,563
1714487686768,1102,Home Page 2 - outlet.html?page=2,200,OK,Thread Group 1-1,text,true,,1518127,287,5,5,https://www.webstaurantstore.com/outlet.html,248,0,0
1714487686768,248,Home Page 2 - outlet.html?page=2-0,301,Moved Permanently,Thread Group 1-1,,true,,950,147,5,5,https://www.webstaurantstore.com/outlet.html?page=2,248,0,0
1714487687018,852,Home Page 2 - outlet.html?page=2-1,200,OK,Thread Group 1-1,text,true,,1517177,140,5,5,https://www.webstaurantstore.com/outlet.html,621,0,66
1714487686930,1327,Home Page 2 - outlet.html?page=2,200,OK,Thread Group 1-2,text,true,,1518119,287,5,5,https://www.webstaurantstore.com/outlet.html,353,0,0
1714487686930,354,Home Page 2 - outlet.html?page=2-0,301,Moved Permanently,Thread Group 1-2,,true,,950,147,5,5,https://www.webstaurantstore.com/outlet.html?page=2,353,0,0
1714487687285,972,Home Page 2 - outlet.html?page=2-1,200,OK,Thread Group 1-2,text,true,,1517169,140,5,5,https://www.webstaurantstore.com/outlet.html,738,0,71
1714487687125,1451,Home Page 2 - outlet.html?page=2,200,OK,Thread Group 1-3,text,true,,1518133,287,5,5,https://www.webstaurantstore.com/outlet.html,404,0,150
1714487687125,404,Home Page 2 - outlet.html?page=2-0,301,Moved Permanently,Thread Group 1-3,,true,,950,147,5,5,https://www.webstaurantstore.com/outlet.html?page=2,404,0,150
1714487687530,1046,Home Page 2 - outlet.html?page=2-1,200,OK,Thread Group 1-3,text,true,,1517183,140,5,5,https://www.webstaurantstore.com/outlet.html,803,0,0
1714487687324,1391,Home Page 2 - outlet.html?page=2,200,OK,Thread Group 1-4,text,true,,1518119,287,5,5,https://www.webstaurantstore.com/outlet.html,296,0,61
1714487687324,296,Home Page 2 - outlet.html?page=2-0,301,Moved Permanently,Thread Group 1-4,,true,,950,147,5,5,https://www.webstaurantstore.com/outlet.html?page=2,296,0,61
1714487687620,1095,Home Page 2 - outlet.html?page=2-1,200,OK,Thread Group 1-4,text,true,,1517169,140,5,5,https://www.webstaurantstore.com/outlet.html,780,0,0
1714487687539,1277,Home Page 2 - outlet.html?page=2,200,OK,Thread Group 1-5,text,true,,1518119,287,5,5,https://www.webstaurantstore.com/outlet.html,343,0,79
1714487687539,343,Home Page 2 - outlet.html?page=2-0,301,Moved Permanently,Thread Group 1-5,,true,,950,147,5,5,https://www.webstaurantstore.com/outlet.html?page=2,343,0,79
1714487687883,933,Home Page 2 - outlet.html?page=2-1,200,OK,Thread Group 1-5,text,true,,1517169,140,5,5,https://www.webstaurantstore.com/outlet.html,668,0,0
1714487746754,248,P1 - /outlet/574E2SHCH/67787.html,200,OK,Thread Group 1-1,text,true,,296275,156,5,5,https://www.webstaurantstore.com/outlet/574E2SHCH/67787.html,214,0,0
1714487746931,225,P1 - /outlet/328HON716LCO/65959.html,200,OK,Thread Group 1-2,text,true,,208625,159,5,5,https://www.webstaurantstore.com/outlet/328HON716LCO/65959.html,186,0,0
1714487747124,254,P1 - /outlet/185SM58HCW/68231.html,200,OK,Thread Group 1-3,text,true,,265130,157,5,5,https://www.webstaurantstore.com/outlet/185SM58HCW/68231.html,207,0,0
1714487747526,216,P1 - /outlet/517MCS72BK/68427.html,200,OK,Thread Group 1-5,text,true,,199660,157,5,5,https://www.webstaurantstore.com/outlet/517MCS72BK/68427.html,196,0,0
1714487747325,575,P1 - /outlet/39021CET16C/68091.html,200,OK,Thread Group 1-4,text,true,,328622,158,5,5,https://www.webstaurantstore.com/outlet/39021CET16C/68091.html,507,0,254
1714487806931,394,P2 - /outlet/1315001DA/67947.html,200,OK,Thread Group 1-2,text,true,,237434,156,5,5,https://www.webstaurantstore.com/outlet/1315001DA/67947.html,352,0,152
1714487806753,641,P2 - /outlet/177EF40E/68407.html,200,OK,Thread Group 1-1,text,true,,267687,155,5,5,https://www.webstaurantstore.com/outlet/177EF40E/68407.html,544,0,74
1714487807124,461,P2 - /outlet/882G22010/67919.html,200,OK,Thread Group 1-3,text,true,,285783,156,5,5,https://www.webstaurantstore.com/outlet/882G22010/67919.html,410,0,188
1714487807323,283,P2 - /outlet/574E2SHCH/67787.html,200,OK,Thread Group 1-4,text,true,,296284,156,5,5,https://www.webstaurantstore.com/outlet/574E2SHCH/67787.html,243,0,0
1714487807525,411,P2 - /outlet/200TBB4HC/68281.html,200,OK,Thread Group 1-5,text,true,,277045,156,5,5,https://www.webstaurantstore.com/outlet/200TBB4HC/68281.html,299,0,75
1714487866753,809,Home Page 1 - outlet.html,200,OK,Thread Group 1-1,text,true,,1517175,140,5,5,https://www.webstaurantstore.com/outlet.html,553,0,0
1714487866930,898,Home Page 1 - outlet.html,200,OK,Thread Group 1-2,text,true,,1517183,140,5,5,https://www.webstaurantstore.com/outlet.html,645,0,0
1714487867124,884,Home Page 1 - outlet.html,200,OK,Thread Group 1-3,text,true,,1517191,140,5,5,https://www.webstaurantstore.com/outlet.html,616,0,0
1714487867324,916,Home Page 1 - outlet.html,200,OK,Thread Group 1-4,text,true,,1517176,140,5,5,https://www.webstaurantstore.com/outlet.html,671,0,100
1714487867526,843,Home Page 1 - outlet.html,200,OK,Thread Group 1-5,text,true,,1517184,140,5,5,https://www.webstaurantstore.com/outlet.html,586,0,76
1714487926768,1447,Home Page 2 - outlet.html?page=2,200,OK,Thread Group 1-1,text,true,,1518133,287,5,5,https://www.webstaurantstore.com/outlet.html,390,0,173
1714487926768,390,Home Page 2 - outlet.html?page=2-0,301,Moved Permanently,Thread Group 1-1,,true,,950,147,5,5,https://www.webstaurantstore.com/outlet.html?page=2,390,0,173
1714487927158,1057,Home Page 2 - outlet.html?page=2-1,200,OK,Thread Group 1-1,text,true,,1517183,140,5,5,https://www.webstaurantstore.com/outlet.html,731,0,0
1714487926931,1324,Home Page 2 - outlet.html?page=2,200,OK,Thread Group 1-2,text,true,,1518140,287,5,5,https://www.webstaurantstore.com/outlet.html,418,0,85
1714487926931,418,Home Page 2 - outlet.html?page=2-0,301,Moved Permanently,Thread Group 1-2,,true,,950,147,5,5,https://www.webstaurantstore.com/outlet.html?page=2,418,0,85
1714487927350,905,Home Page 2 - outlet.html?page=2-1,200,OK,Thread Group 1-2,text,true,,1517190,140,5,5,https://www.webstaurantstore.com/outlet.html,556,0,0
1714487927123,1266,Home Page 2 - outlet.html?page=2,200,OK,Thread Group 1-3,text,true,,1518116,287,5,5,https://www.webstaurantstore.com/outlet.html,326,0,107
1714487927123,326,Home Page 2 - outlet.html?page=2-0,301,Moved Permanently,Thread Group 1-3,,true,,950,147,5,5,https://www.webstaurantstore.com/outlet.html?page=2,326,0,107
1714487927449,940,Home Page 2 - outlet.html?page=2-1,200,OK,Thread Group 1-3,text,true,,1517166,140,5,5,https://www.webstaurantstore.com/outlet.html,602,0,0
1714487927323,1329,Home Page 2 - outlet.html?page=2,200,OK,Thread Group 1-4,text,true,,1518119,287,5,5,https://www.webstaurantstore.com/outlet.html,356,0,139
1714487927323,356,Home Page 2 - outlet.html?page=2-0,301,Moved Permanently,Thread Group 1-4,,true,,950,147,5,5,https://www.webstaurantstore.com/outlet.html?page=2,356,0,139
1714487927680,972,Home Page 2 - outlet.html?page=2-1,200,OK,Thread Group 1-4,text,true,,1517169,140,5,5,https://www.webstaurantstore.com/outlet.html,738,0,0
1714487927526,1228,Home Page 2 - outlet.html?page=2,200,OK,Thread Group 1-5,text,true,,1518126,287,5,5,https://www.webstaurantstore.com/outlet.html,351,0,90
1714487927526,351,Home Page 2 - outlet.html?page=2-0,301,Moved Permanently,Thread Group 1-5,,true,,950,147,5,5,https://www.webstaurantstore.com/outlet.html?page=2,351,0,90
1714487927878,876,Home Page 2 - outlet.html?page=2-1,200,OK,Thread Group 1-5,text,true,,1517176,140,5,5,https://www.webstaurantstore.com/outlet.html,564,0,0
1714487986754,303,P1 - /outlet/574E2SHCH/67787.html,200,OK,Thread Group 1-1,text,true,,296284,156,5,5,https://www.webstaurantstore.com/outlet/574E2SHCH/67787.html,244,0,0
1714487986930,457,P1 - /outlet/425LXNH1/67847.html,200,OK,Thread Group 1-2,text,true,,236145,155,5,5,https://www.webstaurantstore.com/outlet/425LXNH1/67847.html,397,0,160
1714487987123,591,P1 - /outlet/351GTUCPG48N/68001.html,200,OK,Thread Group 1-3,text,true,,295128,159,5,5,https://www.webstaurantstore.com/outlet/351GTUCPG48N/68001.html,456,0,91
1714487987323,495,P1 - /outlet/413GR5HL60YA/46921.html,200,OK,Thread Group 1-4,text,true,,285937,159,5,5,https://www.webstaurantstore.com/outlet/413GR5HL60YA/46921.html,432,0,67
1714487987523,347,P1 - /outlet/178HBB36HC/68467.html,200,OK,Thread Group 1-5,text,true,,261990,157,5,5,https://www.webstaurantstore.com/outlet/178HBB36HC/68467.html,256,0,0
1714488046753,455,P2 - /outlet/200TBB4HC/68281.html,200,OK,Thread Group 1-1,text,true,,277049,156,5,5,https://www.webstaurantstore.com/outlet/200TBB4HC/68281.html,385,0,119
1714488046931,295,P2 - /outlet/890TBR72BG/67583.html,200,OK,Thread Group 1-2,text,true,,377599,157,5,5,https://www.webstaurantstore.com/outlet/890TBR72BG/67583.html,239,0,0
1714488047124,253,P2 - /outlet/415R3AFS/67917.html,200,OK,Thread Group 1-3,text,true,,258843,155,5,5,https://www.webstaurantstore.com/outlet/415R3AFS/67917.html,226,0,0
1714488047323,349,P2 - /outlet/901VC4EDGK/67755.html,200,OK,Thread Group 1-4,text,true,,243866,157,5,5,https://www.webstaurantstore.com/outlet/901VC4EDGK/67755.html,315,0,0
1714488047526,368,P2 - /outlet/425FD4503/67893.html,200,OK,Thread Group 1-5,text,true,,217434,156,5,5,https://www.webstaurantstore.com/outlet/425FD4503/67893.html,272,0,101
1714488106753,1109,Home Page 1 - outlet.html,200,OK,Thread Group 1-1,text,true,,1517169,140,5,5,https://www.webstaurantstore.com/outlet.html,801,0,192
1714488106931,978,Home Page 1 - outlet.html,200,OK,Thread Group 1-2,text,true,,1517174,140,5,5,https://www.webstaurantstore.com/outlet.html,662,0,71
1714488107124,869,Home Page 1 - outlet.html,200,OK,Thread Group 1-3,text,true,,1517192,140,5,5,https://www.webstaurantstore.com/outlet.html,628,0,60
1714488107525,694,Home Page 1 - outlet.html,200,OK,Thread Group 1-5,text,true,,1517199,140,5,5,https://www.webstaurantstore.com/outlet.html,534,0,0
1714488107324,1087,Home Page 1 - outlet.html,200,OK,Thread Group 1-4,text,true,,1517169,140,5,5,https://www.webstaurantstore.com/outlet.html,896,0,264
1714488166753,1269,Home Page 2 - outlet.html?page=2,200,OK,Thread Group 1-1,text,true,,1518127,287,5,5,https://www.webstaurantstore.com/outlet.html,288,0,0
1714488166753,288,Home Page 2 - outlet.html?page=2-0,301,Moved Permanently,Thread Group 1-1,,true,,950,147,5,5,https://www.webstaurantstore.com/outlet.html?page=2,288,0,0
1714488167041,981,Home Page 2 - outlet.html?page=2-1,200,OK,Thread Group 1-1,text,true,,1517177,140,5,5,https://www.webstaurantstore.com/outlet.html,719,0,95
1714488166931,1208,Home Page 2 - outlet.html?page=2,200,OK,Thread Group 1-2,text,true,,1518127,287,5,5,https://www.webstaurantstore.com/outlet.html,257,0,0
1714488166931,257,Home Page 2 - outlet.html?page=2-0,301,Moved Permanently,Thread Group 1-2,,true,,950,147,5,5,https://www.webstaurantstore.com/outlet.html?page=2,257,0,0
1714488167188,951,Home Page 2 - outlet.html?page=2-1,200,OK,Thread Group 1-2,text,true,,1517177,140,5,5,https://www.webstaurantstore.com/outlet.html,755,0,151
1714488167525,1299,Home Page 2 - outlet.html?page=2,200,OK,Thread Group 1-5,text,true,,1518127,287,5,5,https://www.webstaurantstore.com/outlet.html,361,0,61
1714488167525,361,Home Page 2 - outlet.html?page=2-0,301,Moved Permanently,Thread Group 1-5,,true,,950,147,5,5,https://www.webstaurantstore.com/outlet.html?page=2,361,0,61
1714488167886,938,Home Page 2 - outlet.html?page=2-1,200,OK,Thread Group 1-5,text,true,,1517177,140,5,5,https://www.webstaurantstore.com/outlet.html,626,0,0
1714488167323,1579,Home Page 2 - outlet.html?page=2,200,OK,Thread Group 1-4,text,true,,1518143,287,5,5,https://www.webstaurantstore.com/outlet.html,320,0,0
1714488167323,320,Home Page 2 - outlet.html?page=2-0,301,Moved Permanently,Thread Group 1-4,,true,,950,147,5,5,https://www.webstaurantstore.com/outlet.html?page=2,320,0,0
1714488167643,1259,Home Page 2 - outlet.html?page=2-1,200,OK,Thread Group 1-4,text,true,,1517193,140,5,5,https://www.webstaurantstore.com/outlet.html,934,0,158
1714488167124,1843,Home Page 2 - outlet.html?page=2,200,OK,Thread Group 1-3,text,true,,1518125,287,5,5,https://www.webstaurantstore.com/outlet.html,266,0,0
1714488167124,266,Home Page 2 - outlet.html?page=2-0,301,Moved Permanently,Thread Group 1-3,,true,,950,147,5,5,https://www.webstaurantstore.com/outlet.html?page=2,266,0,0
1714488167391,1576,Home Page 2 - outlet.html?page=2-1,200,OK,Thread Group 1-3,text,true,,1517175,140,5,5,https://www.webstaurantstore.com/outlet.html,1379,0,181
1714488226755,301,P1 - /outlet/890TBR72BG/67583.html,200,OK,Thread Group 1-1,text,true,,377599,157,5,5,https://www.webstaurantstore.com/outlet/890TBR72BG/67583.html,247,0,0
1714488226931,247,P1 - /outlet/2307UDIWCF/68289.html,200,OK,Thread Group 1-2,text,true,,278343,157,5,5,https://www.webstaurantstore.com/outlet/2307UDIWCF/68289.html,216,0,0
1714488227123,270,P1 - /outlet/177PPF40/67757.html,200,OK,Thread Group 1-3,text,true,,238312,155,5,5,https://www.webstaurantstore.com/outlet/177PPF40/67757.html,232,0,0
1714488227324,487,P1 - /outlet/120VMASVP330/68299.html,200,OK,Thread Group 1-4,text,true,,319635,159,5,5,https://www.webstaurantstore.com/outlet/120VMASVP330/68299.html,410,0,0
1714488227524,442,P1 - /outlet/64959267/65157.html,200,OK,Thread Group 1-5,text,true,,176708,155,5,5,https://www.webstaurantstore.com/outlet/64959267/65157.html,355,0,207
1714488286753,456,P2 - /outlet/901C24EO5AFD/68379.html,200,OK,Thread Group 1-1,text,true,,266791,159,5,5,https://www.webstaurantstore.com/outlet/901C24EO5AFD/68379.html,410,0,190
1714488286931,351,P2 - /outlet/415B700SF/68019.html,200,OK,Thread Group 1-2,text,true,,258924,156,5,5,https://www.webstaurantstore.com/outlet/415B700SF/68019.html,305,0,73
1714488287124,353,P2 - /outlet/425LXER2/68375.html,200,OK,Thread Group 1-3,text,true,,281864,155,5,5,https://www.webstaurantstore.com/outlet/425LXER2/68375.html,308,0,65
1714488287324,338,P2 - /outlet/945G4TP1T10A/68153.html,200,OK,Thread Group 1-4,text,true,,243002,159,5,5,https://www.webstaurantstore.com/outlet/945G4TP1T10A/68153.html,275,0,66
1714488287524,239,P2 - /outlet/600WTOB3696G/68357.html,200,OK,Thread Group 1-5,text,true,,240100,159,5,5,https://www.webstaurantstore.com/outlet/600WTOB3696G/68357.html,197,0,0
1714488346753,814,Home Page 1 - outlet.html,200,OK,Thread Group 1-1,text,true,,1517193,140,5,5,https://www.webstaurantstore.com/outlet.html,637,0,0
1714488346931,874,Home Page 1 - outlet.html,200,OK,Thread Group 1-2,text,true,,1517207,140,5,5,https://www.webstaurantstore.com/outlet.html,639,0,0
1714488347124,846,Home Page 1 - outlet.html,200,OK,Thread Group 1-3,text,true,,1517214,140,5,5,https://www.webstaurantstore.com/outlet.html,655,0,91
1714488347330,925,Home Page 1 - outlet.html,200,OK,Thread Group 1-4,text,true,,1517177,140,5,5,https://www.webstaurantstore.com/outlet.html,748,0,98
1714488347534,918,Home Page 1 - outlet.html,200,OK,Thread Group 1-5,text,true,,1517184,140,5,5,https://www.webstaurantstore.com/outlet.html,742,0,97
1714488406931,1093,Home Page 2 - outlet.html?page=2,200,OK,Thread Group 1-2,text,true,,1518119,287,5,5,https://www.webstaurantstore.com/outlet.html,298,0,80
1714488406931,298,Home Page 2 - outlet.html?page=2-0,301,Moved Permanently,Thread Group 1-2,,true,,950,147,5,5,https://www.webstaurantstore.com/outlet.html?page=2,298,0,80
1714488407230,794,Home Page 2 - outlet.html?page=2-1,200,OK,Thread Group 1-2,text,true,,1517169,140,5,5,https://www.webstaurantstore.com/outlet.html,590,0,0
1714488406765,1522,Home Page 2 - outlet.html?page=2,200,OK,Thread Group 1-1,text,true,,1518143,287,5,5,https://www.webstaurantstore.com/outlet.html,520,0,178
1714488406765,520,Home Page 2 - outlet.html?page=2-0,301,Moved Permanently,Thread Group 1-1,,true,,950,147,5,5,https://www.webstaurantstore.com/outlet.html?page=2,520,0,178
1714488407286,1001,Home Page 2 - outlet.html?page=2-1,200,OK,Thread Group 1-1,text,true,,1517193,140,5,5,https://www.webstaurantstore.com/outlet.html,641,0,0
1714488407124,1277,Home Page 2 - outlet.html?page=2,200,OK,Thread Group 1-3,text,true,,1518111,287,5,5,https://www.webstaurantstore.com/outlet.html,392,0,141
1714488407124,392,Home Page 2 - outlet.html?page=2-0,301,Moved Permanently,Thread Group 1-3,,true,,950,147,5,5,https://www.webstaurantstore.com/outlet.html?page=2,392,0,141
1714488407516,885,Home Page 2 - outlet.html?page=2-1,200,OK,Thread Group 1-3,text,true,,1517161,140,5,5,https://www.webstaurantstore.com/outlet.html,590,0,0
1714488407323,1143,Home Page 2 - outlet.html?page=2,200,OK,Thread Group 1-4,text,true,,1518127,287,5,5,https://www.webstaurantstore.com/outlet.html,263,0,0
1714488407323,263,Home Page 2 - outlet.html?page=2-0,301,Moved Permanently,Thread Group 1-4,,true,,950,147,5,5,https://www.webstaurantstore.com/outlet.html?page=2,263,0,0
1714488407586,880,Home Page 2 - outlet.html?page=2-1,200,OK,Thread Group 1-4,text,true,,1517177,140,5,5,https://www.webstaurantstore.com/outlet.html,649,0,59
1714488407525,1436,Home Page 2 - outlet.html?page=2,200,OK,Thread Group 1-5,text,true,,1518151,287,5,5,https://www.webstaurantstore.com/outlet.html,318,0,0
1714488407525,318,Home Page 2 - outlet.html?page=2-0,301,Moved Permanently,Thread Group 1-5,,true,,950,147,5,5,https://www.webstaurantstore.com/outlet.html?page=2,318,0,0
1714488407843,1118,Home Page 2 - outlet.html?page=2-1,200,OK,Thread Group 1-5,text,true,,1517201,140,5,5,https://www.webstaurantstore.com/outlet.html,904,0,84
1714488466753,357,P1 - /outlet/184T3300B/68431.html,200,OK,Thread Group 1-1,text,true,,475552,156,5,5,https://www.webstaurantstore.com/outlet/184T3300B/68431.html,294,0,0
1714488466937,393,P1 - /outlet/178HBB36HC/68467.html,200,OK,Thread Group 1-2,text,true,,261989,157,4,4,https://www.webstaurantstore.com/outlet/178HBB36HC/68467.html,324,0,74
1714488467123,265,P1 - /outlet/415B700SF/68019.html,200,OK,Thread Group 1-3,text,true,,258924,156,3,3,https://www.webstaurantstore.com/outlet/415B700SF/68019.html,234,0,0
1714488467324,262,P1 - /outlet/499UFP0200AA/68415.html,200,OK,Thread Group 1-4,text,true,,247930,159,2,2,https://www.webstaurantstore.com/outlet/499UFP0200AA/68415.html,209,0,0
1714488467525,478,P1 - /outlet/351GTUCPG48N/68001.html,200,OK,Thread Group 1-5,text,true,,295136,159,1,1,https://www.webstaurantstore.com/outlet/351GTUCPG48N/68001.html,435,0,0
