{
  "P2 - /outlet/901VC4EDGK/67755.html" : {
    "transaction" : "P2 - /outlet/901VC4EDGK/67755.html",
    "sampleCount" : 1,
    "errorCount" : 0,
    "errorPct" : 0.0,
    "meanResTime" : 349.0,
    "medianResTime" : 349.0,
    "minResTime" : 349.0,
    "maxResTime" : 349.0,
    "pct1ResTime" : 349.0,
    "pct2ResTime" : 349.0,
    "pct3ResTime" : 349.0,
    "throughput" : 2.865329512893983,
    "receivedKBytesPerSec" : 682.379342765043,
    "sentKBytesPerSec" : 0.43931321633237824
  },
  "P2 - /outlet/600WTOB3696G/68357.html" : {
    "transaction" : "P2 - /outlet/600WTOB3696G/68357.html",
    "sampleCount" : 1,
    "errorCount" : 0,
    "errorPct" : 0.0,
    "meanResTime" : 239.0,
    "medianResTime" : 239.0,
    "minResTime" : 239.0,
    "maxResTime" : 239.0,
    "pct1ResTime" : 239.0,
    "pct2ResTime" : 239.0,
    "pct3ResTime" : 239.0,
    "throughput" : 4.184100418410042,
    "receivedKBytesPerSec" : 981.057139121339,
    "sentKBytesPerSec" : 0.6496796548117155
  },
  "P1 - /outlet/890TBR72BG/67583.html" : {
    "transaction" : "P1 - /outlet/890TBR72BG/67583.html",
    "sampleCount" : 1,
    "errorCount" : 0,
    "errorPct" : 0.0,
    "meanResTime" : 301.0,
    "medianResTime" : 301.0,
    "minResTime" : 301.0,
    "maxResTime" : 301.0,
    "pct1ResTime" : 301.0,
    "pct2ResTime" : 301.0,
    "pct3ResTime" : 301.0,
    "throughput" : 3.3222591362126246,
    "receivedKBytesPerSec" : 1225.0798120847176,
    "sentKBytesPerSec" : 0.5093698089700996
  },
  "P1 - /outlet/120VMASVP330/68299.html" : {
    "transaction" : "P1 - /outlet/120VMASVP330/68299.html",
    "sampleCount" : 1,
    "errorCount" : 0,
    "errorPct" : 0.0,
    "meanResTime" : 487.0,
    "medianResTime" : 487.0,
    "minResTime" : 487.0,
    "maxResTime" : 487.0,
    "pct1ResTime" : 487.0,
    "pct2ResTime" : 487.0,
    "pct3ResTime" : 487.0,
    "throughput" : 2.053388090349076,
    "receivedKBytesPerSec" : 640.951857674538,
    "sentKBytesPerSec" : 0.3188366273100616
  },
  "P2 - /outlet/415R3AFS/67917.html" : {
    "transaction" : "P2 - /outlet/415R3AFS/67917.html",
    "sampleCount" : 1,
    "errorCount" : 0,
    "errorPct" : 0.0,
    "meanResTime" : 253.0,
    "medianResTime" : 253.0,
    "minResTime" : 253.0,
    "maxResTime" : 253.0,
    "pct1ResTime" : 253.0,
    "pct2ResTime" : 253.0,
    "pct3ResTime" : 253.0,
    "throughput" : 3.952569169960474,
    "receivedKBytesPerSec" : 999.1160758399209,
    "sentKBytesPerSec" : 0.5982892786561265
  },
  "P2 - /outlet/890TBR72BG/67583.html" : {
    "transaction" : "P2 - /outlet/890TBR72BG/67583.html",
    "sampleCount" : 1,
    "errorCount" : 0,
    "errorPct" : 0.0,
    "meanResTime" : 295.0,
    "medianResTime" : 295.0,
    "minResTime" : 295.0,
    "maxResTime" : 295.0,
    "pct1ResTime" : 295.0,
    "pct2ResTime" : 295.0,
    "pct3ResTime" : 295.0,
    "throughput" : 3.389830508474576,
    "receivedKBytesPerSec" : 1249.996689618644,
    "sentKBytesPerSec" : 0.519729872881356
  },
  "P1 - /outlet/39021CET16C/68091.html" : {
    "transaction" : "P1 - /outlet/39021CET16C/68091.html",
    "sampleCount" : 1,
    "errorCount" : 0,
    "errorPct" : 0.0,
    "meanResTime" : 575.0,
    "medianResTime" : 575.0,
    "minResTime" : 575.0,
    "maxResTime" : 575.0,
    "pct1ResTime" : 575.0,
    "pct2ResTime" : 575.0,
    "pct3ResTime" : 575.0,
    "throughput" : 1.7391304347826089,
    "receivedKBytesPerSec" : 558.1216032608696,
    "sentKBytesPerSec" : 0.26834239130434784
  },
  "P2 - /outlet/882G22010/67919.html" : {
    "transaction" : "P2 - /outlet/882G22010/67919.html",
    "sampleCount" : 1,
    "errorCount" : 0,
    "errorPct" : 0.0,
    "meanResTime" : 461.0,
    "medianResTime" : 461.0,
    "minResTime" : 461.0,
    "maxResTime" : 461.0,
    "pct1ResTime" : 461.0,
    "pct2ResTime" : 461.0,
    "pct3ResTime" : 461.0,
    "throughput" : 2.1691973969631237,
    "receivedKBytesPerSec" : 605.39037079718,
    "sentKBytesPerSec" : 0.3304636659436008
  },
  "Home Page 1 - outlet.html" : {
    "transaction" : "Home Page 1 - outlet.html",
    "sampleCount" : 20,
    "errorCount" : 0,
    "errorPct" : 0.0,
    "meanResTime" : 1050.75,
    "medianResTime" : 917.0,
    "minResTime" : 694.0,
    "maxResTime" : 1779.0,
    "pct1ResTime" : 1673.4,
    "pct2ResTime" : 1774.05,
    "pct3ResTime" : 1779.0,
    "throughput" : 0.027715149239149865,
    "receivedKBytesPerSec" : 41.06345528489788,
    "sentKBytesPerSec" : 0.003789180560040021
  },
  "P2 - /outlet/945G4TP1T10A/68153.html" : {
    "transaction" : "P2 - /outlet/945G4TP1T10A/68153.html",
    "sampleCount" : 1,
    "errorCount" : 0,
    "errorPct" : 0.0,
    "meanResTime" : 338.0,
    "medianResTime" : 338.0,
    "minResTime" : 338.0,
    "maxResTime" : 338.0,
    "pct1ResTime" : 338.0,
    "pct2ResTime" : 338.0,
    "pct3ResTime" : 338.0,
    "throughput" : 2.9585798816568047,
    "receivedKBytesPerSec" : 702.0906527366864,
    "sentKBytesPerSec" : 0.45938886834319526
  },
  "P2 - /outlet/425LXER2/68375.html" : {
    "transaction" : "P2 - /outlet/425LXER2/68375.html",
    "sampleCount" : 1,
    "errorCount" : 0,
    "errorPct" : 0.0,
    "meanResTime" : 353.0,
    "medianResTime" : 353.0,
    "minResTime" : 353.0,
    "maxResTime" : 353.0,
    "pct1ResTime" : 353.0,
    "pct2ResTime" : 353.0,
    "pct3ResTime" : 353.0,
    "throughput" : 2.8328611898017,
    "receivedKBytesPerSec" : 779.7671742209632,
    "sentKBytesPerSec" : 0.428802230878187
  },
  "P2 - /outlet/200TBB4HC/68281.html" : {
    "transaction" : "P2 - /outlet/200TBB4HC/68281.html",
    "sampleCount" : 2,
    "errorCount" : 0,
    "errorPct" : 0.0,
    "meanResTime" : 433.0,
    "medianResTime" : 433.0,
    "minResTime" : 411.0,
    "maxResTime" : 455.0,
    "pct1ResTime" : 455.0,
    "pct2ResTime" : 455.0,
    "pct3ResTime" : 455.0,
    "throughput" : 0.008344354835345017,
    "receivedKBytesPerSec" : 2.2575961660818664,
    "sentKBytesPerSec" : 0.0012712103069470926
  },
  "P1 - /outlet/64959267/65157.html" : {
    "transaction" : "P1 - /outlet/64959267/65157.html",
    "sampleCount" : 1,
    "errorCount" : 0,
    "errorPct" : 0.0,
    "meanResTime" : 442.0,
    "medianResTime" : 442.0,
    "minResTime" : 442.0,
    "maxResTime" : 442.0,
    "pct1ResTime" : 442.0,
    "pct2ResTime" : 442.0,
    "pct3ResTime" : 442.0,
    "throughput" : 2.2624434389140275,
    "receivedKBytesPerSec" : 390.4217335972851,
    "sentKBytesPerSec" : 0.34245970022624433
  },
  "P2 - /outlet/1315001DA/67947.html" : {
    "transaction" : "P2 - /outlet/1315001DA/67947.html",
    "sampleCount" : 1,
    "errorCount" : 0,
    "errorPct" : 0.0,
    "meanResTime" : 394.0,
    "medianResTime" : 394.0,
    "minResTime" : 394.0,
    "maxResTime" : 394.0,
    "pct1ResTime" : 394.0,
    "pct2ResTime" : 394.0,
    "pct3ResTime" : 394.0,
    "throughput" : 2.5380710659898473,
    "receivedKBytesPerSec" : 588.5003569162436,
    "sentKBytesPerSec" : 0.3866592639593908
  },
  "P1 - /outlet/178HBB36HC/68467.html" : {
    "transaction" : "P1 - /outlet/178HBB36HC/68467.html",
    "sampleCount" : 2,
    "errorCount" : 0,
    "errorPct" : 0.0,
    "meanResTime" : 370.0,
    "medianResTime" : 370.0,
    "minResTime" : 347.0,
    "maxResTime" : 393.0,
    "pct1ResTime" : 393.0,
    "pct2ResTime" : 393.0,
    "pct3ResTime" : 393.0,
    "throughput" : 0.004168342687789048,
    "receivedKBytesPerSec" : 1.0664668130883876,
    "sentKBytesPerSec" : 6.390916034989068E-4
  },
  "P2 - /outlet/901C24EO5AFD/68379.html" : {
    "transaction" : "P2 - /outlet/901C24EO5AFD/68379.html",
    "sampleCount" : 1,
    "errorCount" : 0,
    "errorPct" : 0.0,
    "meanResTime" : 456.0,
    "medianResTime" : 456.0,
    "minResTime" : 456.0,
    "maxResTime" : 456.0,
    "pct1ResTime" : 456.0,
    "pct2ResTime" : 456.0,
    "pct3ResTime" : 456.0,
    "throughput" : 2.1929824561403506,
    "receivedKBytesPerSec" : 571.3554516173245,
    "sentKBytesPerSec" : 0.34051192434210525
  },
  "Home Page 2 - outlet.html?page=2" : {
    "transaction" : "Home Page 2 - outlet.html?page=2",
    "sampleCount" : 20,
    "errorCount" : 0,
    "errorPct" : 0.0,
    "meanResTime" : 1340.55,
    "medianResTime" : 1311.5,
    "minResTime" : 1093.0,
    "maxResTime" : 1843.0,
    "pct1ResTime" : 1573.3000000000002,
    "pct2ResTime" : 1829.7999999999997,
    "pct3ResTime" : 1843.0,
    "throughput" : 0.027693428211018386,
    "receivedKBytesPerSec" : 41.05679328231858,
    "sentKBytesPerSec" : 0.007761732320861598
  },
  "P1 - /outlet/425LXNH1/67847.html" : {
    "transaction" : "P1 - /outlet/425LXNH1/67847.html",
    "sampleCount" : 1,
    "errorCount" : 0,
    "errorPct" : 0.0,
    "meanResTime" : 457.0,
    "medianResTime" : 457.0,
    "minResTime" : 457.0,
    "maxResTime" : 457.0,
    "pct1ResTime" : 457.0,
    "pct2ResTime" : 457.0,
    "pct3ResTime" : 457.0,
    "throughput" : 2.1881838074398248,
    "receivedKBytesPerSec" : 504.61783711706784,
    "sentKBytesPerSec" : 0.33121922866520787
  },
  "P2 - /outlet/415B700SF/68019.html" : {
    "transaction" : "P2 - /outlet/415B700SF/68019.html",
    "sampleCount" : 1,
    "errorCount" : 0,
    "errorPct" : 0.0,
    "meanResTime" : 351.0,
    "medianResTime" : 351.0,
    "minResTime" : 351.0,
    "maxResTime" : 351.0,
    "pct1ResTime" : 351.0,
    "pct2ResTime" : 351.0,
    "pct3ResTime" : 351.0,
    "throughput" : 2.849002849002849,
    "receivedKBytesPerSec" : 720.3859508547009,
    "sentKBytesPerSec" : 0.4340277777777778
  },
  "P2 - /outlet/574E2SHCH/67787.html" : {
    "transaction" : "P2 - /outlet/574E2SHCH/67787.html",
    "sampleCount" : 1,
    "errorCount" : 0,
    "errorPct" : 0.0,
    "meanResTime" : 283.0,
    "medianResTime" : 283.0,
    "minResTime" : 283.0,
    "maxResTime" : 283.0,
    "pct1ResTime" : 283.0,
    "pct2ResTime" : 283.0,
    "pct3ResTime" : 283.0,
    "throughput" : 3.5335689045936394,
    "receivedKBytesPerSec" : 1022.4022747349824,
    "sentKBytesPerSec" : 0.5383171378091873
  },
  "Home Page 2 - outlet.html?page=2-0" : {
    "transaction" : "Home Page 2 - outlet.html?page=2-0",
    "sampleCount" : 20,
    "errorCount" : 0,
    "errorPct" : 0.0,
    "meanResTime" : 338.45,
    "medianResTime" : 334.5,
    "minResTime" : 248.0,
    "maxResTime" : 520.0,
    "pct1ResTime" : 416.6,
    "pct2ResTime" : 514.8999999999999,
    "pct3ResTime" : 520.0,
    "throughput" : 0.027736365842665464,
    "receivedKBytesPerSec" : 0.02573198002981659,
    "sentKBytesPerSec" : 0.003981685330929515
  },
  "P1 - /outlet/499UFP0200AA/68415.html" : {
    "transaction" : "P1 - /outlet/499UFP0200AA/68415.html",
    "sampleCount" : 1,
    "errorCount" : 0,
    "errorPct" : 0.0,
    "meanResTime" : 262.0,
    "medianResTime" : 262.0,
    "minResTime" : 262.0,
    "maxResTime" : 262.0,
    "pct1ResTime" : 262.0,
    "pct2ResTime" : 262.0,
    "pct3ResTime" : 262.0,
    "throughput" : 3.8167938931297707,
    "receivedKBytesPerSec" : 924.1188573473282,
    "sentKBytesPerSec" : 0.5926467080152672
  },
  "Home Page 2 - outlet.html?page=2-1" : {
    "transaction" : "Home Page 2 - outlet.html?page=2-1",
    "sampleCount" : 20,
    "errorCount" : 0,
    "errorPct" : 0.0,
    "meanResTime" : 1001.55,
    "medianResTime" : 961.5,
    "minResTime" : 794.0,
    "maxResTime" : 1576.0,
    "pct1ResTime" : 1244.9000000000003,
    "pct2ResTime" : 1560.1499999999996,
    "pct3ResTime" : 1576.0,
    "throughput" : 0.02770301810530748,
    "receivedKBytesPerSec" : 41.04530970372661,
    "sentKBytesPerSec" : 0.0037875220065850075
  },
  "P2 - /outlet/177EF40E/68407.html" : {
    "transaction" : "P2 - /outlet/177EF40E/68407.html",
    "sampleCount" : 1,
    "errorCount" : 0,
    "errorPct" : 0.0,
    "meanResTime" : 641.0,
    "medianResTime" : 641.0,
    "minResTime" : 641.0,
    "maxResTime" : 641.0,
    "pct1ResTime" : 641.0,
    "pct2ResTime" : 641.0,
    "pct3ResTime" : 641.0,
    "throughput" : 1.5600624024960998,
    "receivedKBytesPerSec" : 407.82072689157565,
    "sentKBytesPerSec" : 0.2361422581903276
  },
  "P1 - /outlet/328HON716LCO/65959.html" : {
    "transaction" : "P1 - /outlet/328HON716LCO/65959.html",
    "sampleCount" : 1,
    "errorCount" : 0,
    "errorPct" : 0.0,
    "meanResTime" : 225.0,
    "medianResTime" : 225.0,
    "minResTime" : 225.0,
    "maxResTime" : 225.0,
    "pct1ResTime" : 225.0,
    "pct2ResTime" : 225.0,
    "pct3ResTime" : 225.0,
    "throughput" : 4.444444444444445,
    "receivedKBytesPerSec" : 905.4904513888889,
    "sentKBytesPerSec" : 0.6901041666666666
  },
  "P1 - /outlet/177PPF40/67757.html" : {
    "transaction" : "P1 - /outlet/177PPF40/67757.html",
    "sampleCount" : 1,
    "errorCount" : 0,
    "errorPct" : 0.0,
    "meanResTime" : 270.0,
    "medianResTime" : 270.0,
    "minResTime" : 270.0,
    "maxResTime" : 270.0,
    "pct1ResTime" : 270.0,
    "pct2ResTime" : 270.0,
    "pct3ResTime" : 270.0,
    "throughput" : 3.7037037037037037,
    "receivedKBytesPerSec" : 861.9502314814814,
    "sentKBytesPerSec" : 0.5606192129629629
  },
  "P1 - /outlet/351GTUCPG48N/68001.html" : {
    "transaction" : "P1 - /outlet/351GTUCPG48N/68001.html",
    "sampleCount" : 2,
    "errorCount" : 0,
    "errorPct" : 0.0,
    "meanResTime" : 534.5,
    "medianResTime" : 534.5,
    "minResTime" : 478.0,
    "maxResTime" : 591.0,
    "pct1ResTime" : 591.0,
    "pct2ResTime" : 591.0,
    "pct3ResTime" : 591.0,
    "throughput" : 0.004159041756779238,
    "receivedKBytesPerSec" : 1.1986975700798537,
    "sentKBytesPerSec" : 6.457887102811513E-4
  },
  "P1 - /outlet/185SM58HCW/68231.html" : {
    "transaction" : "P1 - /outlet/185SM58HCW/68231.html",
    "sampleCount" : 1,
    "errorCount" : 0,
    "errorPct" : 0.0,
    "meanResTime" : 254.0,
    "medianResTime" : 254.0,
    "minResTime" : 254.0,
    "maxResTime" : 254.0,
    "pct1ResTime" : 254.0,
    "pct2ResTime" : 254.0,
    "pct3ResTime" : 254.0,
    "throughput" : 3.937007874015748,
    "receivedKBytesPerSec" : 1019.3543922244095,
    "sentKBytesPerSec" : 0.6036232775590551
  },
  "P1 - /outlet/184T3300B/68431.html" : {
    "transaction" : "P1 - /outlet/184T3300B/68431.html",
    "sampleCount" : 1,
    "errorCount" : 0,
    "errorPct" : 0.0,
    "meanResTime" : 357.0,
    "medianResTime" : 357.0,
    "minResTime" : 357.0,
    "maxResTime" : 357.0,
    "pct1ResTime" : 357.0,
    "pct2ResTime" : 357.0,
    "pct3ResTime" : 357.0,
    "throughput" : 2.8011204481792715,
    "receivedKBytesPerSec" : 1300.857843137255,
    "sentKBytesPerSec" : 0.42673319327731096
  },
  "Total" : {
    "transaction" : "Total",
    "sampleCount" : 115,
    "errorCount" : 0,
    "errorPct" : 0.0,
    "meanResTime" : 760.7478260869566,
    "medianResTime" : 809.0,
    "minResTime" : 216.0,
    "maxResTime" : 1843.0,
    "pct1ResTime" : 1391.0,
    "pct2ResTime" : 1576.6,
    "pct3ResTime" : 1832.7600000000002,
    "throughput" : 0.13671303814412644,
    "receivedKBytesPerSec" : 116.91009071690237,
    "sentKBytesPerSec" : 0.022953069608929382
  },
  "P1 - /outlet/2307UDIWCF/68289.html" : {
    "transaction" : "P1 - /outlet/2307UDIWCF/68289.html",
    "sampleCount" : 1,
    "errorCount" : 0,
    "errorPct" : 0.0,
    "meanResTime" : 247.0,
    "medianResTime" : 247.0,
    "minResTime" : 247.0,
    "maxResTime" : 247.0,
    "pct1ResTime" : 247.0,
    "pct2ResTime" : 247.0,
    "pct3ResTime" : 247.0,
    "throughput" : 4.048582995951417,
    "receivedKBytesPerSec" : 1100.4831414473683,
    "sentKBytesPerSec" : 0.6207300101214575
  },
  "P1 - /outlet/415B700SF/68019.html" : {
    "transaction" : "P1 - /outlet/415B700SF/68019.html",
    "sampleCount" : 1,
    "errorCount" : 0,
    "errorPct" : 0.0,
    "meanResTime" : 265.0,
    "medianResTime" : 265.0,
    "minResTime" : 265.0,
    "maxResTime" : 265.0,
    "pct1ResTime" : 265.0,
    "pct2ResTime" : 265.0,
    "pct3ResTime" : 265.0,
    "throughput" : 3.7735849056603774,
    "receivedKBytesPerSec" : 954.1715801886792,
    "sentKBytesPerSec" : 0.5748820754716981
  },
  "P1 - /outlet/574E2SHCH/67787.html" : {
    "transaction" : "P1 - /outlet/574E2SHCH/67787.html",
    "sampleCount" : 2,
    "errorCount" : 0,
    "errorPct" : 0.0,
    "meanResTime" : 275.5,
    "medianResTime" : 275.5,
    "minResTime" : 248.0,
    "maxResTime" : 303.0,
    "pct1ResTime" : 303.0,
    "pct2ResTime" : 303.0,
    "pct3ResTime" : 303.0,
    "throughput" : 0.008322825765804006,
    "receivedKBytesPerSec" : 2.408088531718289,
    "sentKBytesPerSec" : 0.001267930487759204
  },
  "P1 - /outlet/517MCS72BK/68427.html" : {
    "transaction" : "P1 - /outlet/517MCS72BK/68427.html",
    "sampleCount" : 1,
    "errorCount" : 0,
    "errorPct" : 0.0,
    "meanResTime" : 216.0,
    "medianResTime" : 216.0,
    "minResTime" : 216.0,
    "maxResTime" : 216.0,
    "pct1ResTime" : 216.0,
    "pct2ResTime" : 216.0,
    "pct3ResTime" : 216.0,
    "throughput" : 4.62962962962963,
    "receivedKBytesPerSec" : 902.6873553240741,
    "sentKBytesPerSec" : 0.7098162615740741
  },
  "P1 - /outlet/413GR5HL60YA/46921.html" : {
    "transaction" : "P1 - /outlet/413GR5HL60YA/46921.html",
    "sampleCount" : 1,
    "errorCount" : 0,
    "errorPct" : 0.0,
    "meanResTime" : 495.0,
    "medianResTime" : 495.0,
    "minResTime" : 495.0,
    "maxResTime" : 495.0,
    "pct1ResTime" : 495.0,
    "pct2ResTime" : 495.0,
    "pct3ResTime" : 495.0,
    "throughput" : 2.0202020202020203,
    "receivedKBytesPerSec" : 564.1118213383838,
    "sentKBytesPerSec" : 0.3136837121212121
  },
  "P2 - /outlet/425FD4503/67893.html" : {
    "transaction" : "P2 - /outlet/425FD4503/67893.html",
    "sampleCount" : 1,
    "errorCount" : 0,
    "errorPct" : 0.0,
    "meanResTime" : 368.0,
    "medianResTime" : 368.0,
    "minResTime" : 368.0,
    "maxResTime" : 368.0,
    "pct1ResTime" : 368.0,
    "pct2ResTime" : 368.0,
    "pct3ResTime" : 368.0,
    "throughput" : 2.717391304347826,
    "receivedKBytesPerSec" : 577.0051375679348,
    "sentKBytesPerSec" : 0.41397758152173914
  }
}